<?xml version="1.0" encoding="UTF-8"?>

<!DOCTYPE mapper PUBLIC "-//mybatis.org//DTD Mapper 3.0//EN"
        "http://mybatis.org/dtd/mybatis-3-mapper.dtd">

<mapper namespace="com.example.junittut.repository.MemberMapper">

    <select id="selectAllMembers" resultType="Member">
        select * from member
    </select>

    <select id="selectById" resultType="Member">
        select * from member where id = #{id}
    </select>

    <insert id="insertMember">
        insert into member(name) values(#{name})
    </insert>

    <delete id="deleteMember">
        delete from member
        where id = #{id}
    </delete>

    <update id="updateMember">
        update member set name = #{name}
        where id = #{id}
    </update>

</mapper>